{"cameraMode":{"drawMode":0,"name":"Shaded","section":"Shading Mode"},"sceneLighting":false,"audioPlay":false,"sceneViewState":{"m_AlwaysRefresh":false,"showFog":true,"showSkybox":true,"showFlares":true,"showImageEffects":true,"showParticleSystems":true,"showVisualEffectGraphs":true,"m_FxEnabled":true},"in2DMode":false,"pivot":{"x":-1.7965943813323975,"y":0.8534383773803711,"z":0.36493730545043948},"rotation":{"x":0.12516233325004579,"y":-0.3133290112018585,"z":0.04169849678874016,"w":0.940449595451355},"size":6.350757122039795,"orthographic":false}